id,university,category,department,examDate,examTime,notification
24072300021,가천대,인문,AI인문대학,2025-11-24,,
24072300022,가천대,인문,경영학과,2025-11-24,,
24072300023,가천대,인문,경제학과,2025-11-24,,
24072300025,가천대,인문,관광경영학과,2025-11-24,,
24072300027,가천대,인문,미디어커뮤니케이션학과,2025-11-24,,
24072300028,가천대,인문,법과대학,2025-11-24,,
24072300030,가천대,인문,사회복지학과,2025-11-24,,
24072300031,가천대,인문,심리학과,2025-11-24,,
24072300034,가천대,인문,유아교육학과,2025-11-24,,
24072300035,가천대,인문,응용통계학과,2025-11-24,,
24072300036,가천대,인문,의료산업경영학과,2025-11-24,,
24072300037,가천대,인문,패션산업학과,2025-11-24,,
24072300040,가천대,인문,회계세무학과,2025-11-24,,
24072300042,가천대,자연,간호학과,2025-11-25,,
24072300043,가천대,자연,건축학부,2025-11-25,,
24072300044,가천대,자연,금융빅데이터학부,2025-11-25,,
24072300046,가천대,자연,기계공학부,2025-11-25,,
24072300048,가천대,자연,도시계획조경학부,2025-11-25,,
24072300049,가천대,자연,물리치료학과,2025-11-25,,
24072300050,가천대,자연,바이오나노학과,2025-11-25,,
24072300051,가천대,자연,바이오로직스학과,2025-11-25,,
24072300052,가천대,자연,반도체대학,2025-11-25,,
24072300053,가천대,자연,반도체물리학과,2025-11-25,,
24072300054,가천대,자연,방사선학과,2025-11-25,,
24072300057,가천대,자연,생명과학과,2025-11-25,,
24072300060,가천대,자연,스마트보안학과,2025-11-25,,
24072300061,가천대,자연,스마트시티학과,2025-11-25,,
24072300062,가천대,자연,스마트팩토리전공,2025-11-25,,
24072300063,가천대,자연,시스템반도체학과,2025-11-25,,
24072300064,가천대,자연,식품생명공학과,2025-11-25,,
24072300065,가천대,자연,식품영양학과,2025-11-25,,
24072300066,가천대,자연,신소재공학과,2025-11-25,,
24072300067,가천대,자연,운동재활학과,2025-11-25,,
24072300068,가천대,자연,응급구조학과,2025-11-25,,
24072300069,가천대,자연,의공학과,2025-11-25,,
24072300070,가천대,자연,의예과,2025-11-23,,
24072300071,가천대,자연,인공지능학과,2025-11-25,,
24072300072,가천대,자연,전기공학과,2025-11-25,,
24072300074,가천대,자연,치위생학과,2025-11-25,,
24072300075,가천대,자연,컴퓨터공학과,2025-11-25,,
24072300076,가천대,자연,클라우드공학과,2025-11-25,,
24072300077,가천대,자연,토목환경공학과,2025-11-25,,
24072300079,가천대,자연,화공생명배터리공학부,2025-11-25,,
24072300080,가천대,자연,화학과,2025-11-25,,
24072301073,가톨릭대,인문,경영학과,2025-9-28,14:30,
24072301074,가톨릭대,인문,경제학과,2025-9-28,14:30,
24072301075,가톨릭대,인문,국사학과,2025-9-28,14:30,
24072301076,가톨릭대,인문,국어국문학과,2025-9-28,14:30,
24072301077,가톨릭대,인문,국제학부,2025-9-28,14:30,
24072301078,가톨릭대,인문,법학과,2025-9-28,14:30,
24072301079,가톨릭대,인문,사회복지학과,2025-9-28,14:30,
24072301080,가톨릭대,인문,사회학과,2025-9-28,14:30,
24072301081,가톨릭대,인문,심리학과,2025-9-28,14:30,
24072301082,가톨릭대,인문,영어영문학부,2025-9-28,14:30,
24072301083,가톨릭대,인문,인문사회계열,2025-9-28,14:30,
24072301084,가톨릭대,인문,일어일본문화학과,2025-9-28,14:30,
24072301085,가톨릭대,인문,중국언어문화학과,2025-9-28,14:30,
24072301086,가톨릭대,인문,철학과,2025-9-28,14:30,
24072301089,가톨릭대,인문,행정학과,2025-9-28,14:30,
24072301090,가톨릭대,인문,회계학과,2025-9-28,14:30,
24072301091,가톨릭대,자연,간호학과,2025-9-28,9:30,
24072301092,가톨릭대,자연,공간디자인소비자학과,2025-9-28,9:30,
24072301093,가톨릭대,자연,데이터사이언스학과,2025-9-28,9:30,
24072301094,가톨릭대,자연,물리학과,2025-9-28,9:30,
24072301095,가톨릭대,자연,미디어기술콘텐츠학과,2025-9-28,9:30,
24072301096,가톨릭대,자연,바이오메디컬소프트웨어학과,2025-9-28,9:30,
24072301097,가톨릭대,자연,바이오메디컬화학공학과,2025-9-28,9:30,
24072301098,가톨릭대,자연,생명공학과,2025-9-28,9:30,
24072301099,가톨릭대,자연,수학과,2025-9-28,9:30,
24072301100,가톨릭대,자연,식품영양학과,2025-9-28,9:30,
24072301101,가톨릭대,자연,아동학과,2025-9-28,9:30,
24072301102,가톨릭대,자연,약학과,2025-11-16,9:30,
24072301103,가톨릭대,자연,에너지환경공학과,2025-9-28,9:30,
24072301104,가톨릭대,자연,의류학과,2025-9-28,9:30,
24072301105,가톨릭대,자연,의생명과학과,2025-9-28,9:30,
24072301106,가톨릭대,자연,의예과,2025-11-16,9:30,
24072301107,가톨릭대,자연,인공지능학과,2025-9-28,9:30,
24072301108,가톨릭대,자연,자연공학계열,2025-9-28,9:30,
24072301110,가톨릭대,자연,정보통신전자공학부,2025-9-28,9:30,
24072301111,가톨릭대,자연,컴퓨터정보공학부,2025-9-28,9:30,
24072301112,가톨릭대,자연,화학과,2025-9-28,9:30,
24072302727,건국대,인문,경영학과,2025-11-15,9:20,
24072302728,건국대,인문,경제학과,2025-11-15,9:20,
24072302729,건국대,인문,국어국문학과,2025-11-15,9:20,
24072302730,건국대,인문,국제무역학과,2025-11-15,9:20,
24072302732,건국대,인문,기술경영학과,2025-11-15,9:20,
24072302733,건국대,인문,문과대학자유전공학부,2025-11-15,9:20,
24072302734,건국대,인문,문화콘텐츠학과,2025-11-15,9:20,
24072302735,건국대,인문,미디어커뮤니케이션학과,2025-11-15,9:20,
24072302736,건국대,인문,부동산학과,2025-11-15,9:20,
24072302737,건국대,인문,사학과,2025-11-15,9:20,
24072302738,건국대,인문,사회과학대학융합전공학부,2025-11-15,9:20,
24072302739,건국대,인문,영어영문학과,2025-11-15,9:20,
24072302741,건국대,인문,응용통계학과,2025-11-15,9:20,
24072302742,건국대,인문,정치외교학과,2025-11-15,9:20,
24072302743,건국대,인문,중어중문학과,2025-11-15,9:20,
24072302744,건국대,인문,지리학과,2025-11-15,9:20,
24072302745,건국대,인문,철학과,2025-11-15,9:20,
24072302746,건국대,인문,행정학과,2025-11-15,9:20,
24072302747,건국대,자연,KU자유전공학부,2025-11-15,14:00,
24072302748,건국대,자연,건축학부,2025-11-15,14:00,
24072302749,건국대,자연,공과대학자유전공학부,2025-11-15,14:00,
24072302750,건국대,자연,기계로봇자동차공학부,2025-11-15,14:00,
24072302752,건국대,자연,동물자원식품과학유통학부,2025-11-15,14:00,
24072302753,건국대,자연,물리학과,2025-11-15,14:00,
24072302755,건국대,자연,사회환경공학부,2025-11-15,14:00,
24072302757,건국대,자연,산업공학과,2025-11-15,14:00,
24072302758,건국대,자연,생명과학대학자유전공학부,2025-11-15,14:00,
24072302759,건국대,자연,생명과학특성학과,2025-11-15,14:00,
24072302760,건국대,자연,생물공학과,2025-11-15,14:00,
24072302761,건국대,자연,수의예과,2025-11-15,14:00,
24072302762,건국대,자연,수학과,2025-11-15,14:00,
24072302763,건국대,자연,수학교육과,2025-11-15,14:00,
24072302766,건국대,자연,시스템생명공학과,2025-11-15,14:00,
24072302767,건국대,자연,식량자원과학과,2025-11-15,14:00,
24072302769,건국대,자연,융합과학기술원자유전공학부,2025-11-15,14:00,
24072302770,건국대,자연,융합생명공학과,2025-11-15,14:00,
24072302772,건국대,자연,이과대학자유전공학부,2025-11-15,14:00,
24072302773,건국대,자연,재료공학과,2025-11-15,14:00,
24072302774,건국대,자연,전기전자공학부,2025-11-15,14:00,
24072302775,건국대,자연,첨단바이오공학부,2025-11-15,14:00,
24072302777,건국대,자연,컴퓨터공학부,2025-11-15,14:00,
24072302778,건국대,자연,항공우주모빌리티공학과,2025-11-15,14:00,
24072302779,건국대,자연,화공학부,2025-11-15,14:00,
24072302781,건국대,자연,화학과,2025-11-15,14:00,
24072302782,건국대,자연,환경보건산림조경학부,2025-11-15,14:00,
24072303917,경기대,인문,자유전공학부(서울)-언어사회,2025-11-21,,
24072303918,경기대,인문,자유전공학부(수원)-언어사회,2025-11-21,,
24072303921,경기대,자연,자유전공학부(서울)-수리,2025-11-21,,
24072303922,경기대,자연,자유전공학부(수원)-수리,2025-11-21,,
24072304655,경북대,공통,자율전공학부,2025-11-22,,인문계열 9:00 / 자연계열1 15:00 / 자연계열2 16:00
24072304656,경북대,인문,경상대학자율학부,2025-11-22,9:30,
24072304657,경북대,인문,경영학부,2025-11-22,9:30,
24072304658,경북대,인문,경제통상학부,2025-11-22,9:30,
24072304659,경북대,인문,고고인류학과,2025-11-22,9:30,
24072304661,경북대,인문,국어국문학과,2025-11-22,9:30,
24072304662,경북대,인문,노어노문학과,2025-11-22,9:30,
24072304663,경북대,인문,독어독문학과,2025-11-22,9:30,
24072304664,경북대,인문,문헌정보학과,2025-11-22,9:30,
24072304665,경북대,인문,미디어커뮤니케이션학과,2025-11-22,9:30,
24072304666,경북대,인문,불어불문학과,2025-11-22,9:30,
24072304667,경북대,인문,사학과,2025-11-22,9:30,
24072304668,경북대,인문,사회과학대학자율학부,2025-11-22,9:30,
24072304669,경북대,인문,사회복지학부,2025-11-22,9:30,
24072304670,경북대,인문,사회학과,2025-11-22,9:30,
24072304671,경북대,인문,심리학과,2025-11-22,9:30,
24072304672,경북대,인문,영어영문학과,2025-11-22,9:30,
24072304673,경북대,인문,인문대학자율학부,2025-11-22,9:30,
24072304674,경북대,인문,일어일문학과,2025-11-22,9:30,
24072304675,경북대,인문,정치외교학과,2025-11-22,9:30,
24072304676,경북대,인문,중어중문학과,2025-11-22,9:30,
24072304677,경북대,인문,지리학과,2025-11-22,9:30,
24072304678,경북대,인문,철학과,2025-11-22,9:30,
24072304680,경북대,인문,행정학부,2025-11-22,9:30,
24072304681,경북대,자연,IT대학자율학부,2025-11-22,15:30,
24072304682,경북대,자연,IT대학첨단자율학부,2025-11-22,15:30,
24072304683,경북대,자연,간호학과,2025-11-22,15:30,
24072304684,경북대,자연,건축학부-건축공학,2025-11-22,15:30,
24072304685,경북대,자연,건축학부-건축학,2025-11-22,15:30,
24072304686,경북대,자연,고분자공학과,2025-11-22,15:30,
24072304687,경북대,자연,공과대학자율학부,2025-11-22,15:30,
24072304688,경북대,자연,공학첨단자율학부,2025-11-22,15:30,
24072304689,경북대,자연,금속재료공학과,2025-11-22,15:30,
24072304690,경북대,자연,기계공학부,2025-11-22,15:30,
24072304691,경북대,자연,물리학과,2025-11-22,15:30,
24072304692,경북대,자연,섬유시스템공학과,2025-11-22,15:30,
24072304693,경북대,자연II,수의예과,2025-11-22,16:30,
24072304694,경북대,자연,수학과,2025-11-22,15:30,
24072304695,경북대,자연,수학교육과,2025-11-22,15:30,
24072304696,경북대,자연,신소재공학과,2025-11-22,15:30,
24072304697,경북대,자연,에너지공학부,2025-11-22,15:30,
24072304699,경북대,자연,응용화학과,2025-11-22,15:30,
24072304700,경북대,자연II,의예과,2025-11-22,16:30,
24072304701,경북대,자연,자연과학대학자율학부,2025-11-22,15:30,
24072304702,경북대,자연,전기공학과,2025-11-22,15:30,
24072304703,경북대,자연,전자공학부,2025-11-22,15:30,
24072304704,경북대,자연,전자공학부-모바일공학,2025-11-22,15:30,
24072304705,경북대,자연,전자공학부-인공지능,2025-11-22,15:30,
24072304706,경북대,자연,지구시스템과학부,2025-11-22,15:30,
24072304707,경북대,자연,첨단기술융합대학자율학부1,2025-11-22,15:30,
24072304708,경북대,자연,첨단기술융합대학자율학부2,2025-11-22,15:30,
24072304709,경북대,자연II,치의예과,2025-11-22,16:30,
24072304710,경북대,자연,컴퓨터학부-글로벌소프트웨어융합,2025-11-22,15:30,
24072304711,경북대,자연,컴퓨터학부-인공지능컴퓨팅,2025-11-22,15:30,
24072304712,경북대,자연,컴퓨터학부-플랫폼소프트웨어/데이터과학,2025-11-22,15:30,
24072304713,경북대,자연,토목공학과,2025-11-22,15:30,
24072304714,경북대,자연,통계학과,2025-11-22,15:30,
24072304715,경북대,자연,화학공학과,2025-11-22,15:30,
24072304716,경북대,자연,화학과,2025-11-22,15:30,
24072304717,경북대,자연,환경공학과,2025-11-22,15:30,
24072306969,경희대,공통,자율전공학부,2025-11-16,15:00,
24072306974,경희대,인문,Hospitality경영학과,2025-11-16,15:00,
24072306977,경희대,인문,경영학과,2025-11-16,15:00,
24072306978,경희대,인문,경제학과,2025-11-16,15:00,
24072306979,경희대,인문,관광엔터테인먼트학부,2025-11-16,15:00,
24072306980,경희대,인문,국어국문학과,2025-11-15,9:00,
24072306981,경희대,인문,글로벌커뮤니케이션학부,2025-11-15,9:00,
24072306982,경희대,인문,러시아어학과,2025-11-15,9:00,
24072306983,경희대,인문,무역학과,2025-11-16,15:00,
24072306984,경희대,인문,미디어학과,2025-11-16,15:00,
24072306985,경희대,인문,빅데이터응용학과,2025-11-16,15:00,
24072306986,경희대,인문,사학과,2025-11-15,9:00,
24072306987,경희대,인문,사회학과,2025-11-16,15:00,
24072306988,경희대,인문,스페인어학과,2025-11-15,9:00,
24072306989,경희대,인문,아동가족학과,2025-11-15,9:00,
24072306990,경희대,인문,영어영문학과,2025-11-15,9:00,
24072306991,경희대,인문,응용영어통번역학과,2025-11-15,9:00,
24072306992,경희대,인문,의상학과,2025-11-15,9:00,
24072306993,경희대,인문,일본어학과,2025-11-15,9:00,
24072306994,경희대,인문,정치외교학과,2025-11-16,15:00,
24072306995,경희대,인문,조리&푸드디자인학과,2025-11-16,15:00,
24072306996,경희대,인문,주거환경학과,2025-11-15,9:00,
24072306997,경희대,인문,중국어학과,2025-11-15,9:00,
24072306998,경희대,인문,지리학과(인문),2025-11-16,15:00,
24072306999,경희대,인문,철학과,2025-11-15,9:00,
24072307000,경희대,인문,프랑스어학과,2025-11-15,9:00,
24072307001,경희대,인문,한국어학과,2025-11-15,9:00,
24072307002,경희대,인문,한의예과(인문),2025-11-16,15:00,
24072307003,경희대,인문,행정학과,2025-11-16,15:00,
24072307004,경희대,인문,회계세무학과,2025-11-16,15:00,
24072307005,경희대,자연,간호학과,2025-11-16,9:00,
24072307006,경희대,자연,건축공학과,2025-11-16,9:00,
24072307007,경희대,자연,건축학과,2025-11-16,9:00,
24072307008,경희대,자연,기계공학과,2025-11-16,9:00,
24072307009,경희대,자연,물리학과,2025-11-16,9:00,
24072307010,경희대,자연,미래정보디스플레이학부,2025-11-16,9:00,
24072307011,경희대,자연,사회기반시스템공학과,2025-11-16,9:00,
24072307012,경희대,자연,산업경영공학과,2025-11-16,9:00,
24072307013,경희대,자연,생물학과,2025-11-16,9:00,
24072307014,경희대,자연,생체의공학과,2025-11-16,9:00,
24072307015,경희대,자연,소프트웨어융합학과,2025-11-16,9:00,
24072307016,경희대,자연,수학과,2025-11-16,9:00,
24072307017,경희대,자연,스마트팜과학과,2025-11-16,9:00,
24072307019,경희대,자연,식품생명공학과,2025-11-16,9:00,
24072307020,경희대,자연,식품영양학과,2025-11-16,9:00,
24072307021,경희대,자연,신소재공학과,2025-11-16,9:00,
24072307022,경희대,자연,약과학과,2025-11-16,9:00,
24072307023,경희대,자연,약학과,2025-11-15,15:00,
24072307024,경희대,자연,우주과학과,2025-11-16,9:00,
24072307025,경희대,자연,원자력공학과,2025-11-16,9:00,
24072307026,경희대,자연,유전생명공학과,2025-11-16,9:00,
24072307027,경희대,자연,융합바이오신소재공학과,2025-11-16,9:00,
24072307028,경희대,자연,응용물리학과,2025-11-16,9:00,
24072307029,경희대,자연,응용수학과,2025-11-16,9:00,
24072307030,경희대,자연,응용화학과,2025-11-16,9:00,
24072307031,경희대,자연,의예과,2025-11-15,15:00,
24072307032,경희대,자연,전자정보공학부-반도체공학과,2025-11-16,9:00,
24072307033,경희대,자연,전자정보공학부-전자공학과,2025-11-16,9:00,
24072307034,경희대,자연,지리학과(자연),2025-11-16,9:00,
24072307035,경희대,자연,치의예과,2025-11-15,15:00,
24072307036,경희대,자연,컴퓨터공학부-인공지능학과,2025-11-16,9:00,
24072307037,경희대,자연,컴퓨터공학부-컴퓨터공학과,2025-11-16,9:00,
24072307039,경희대,자연,한약학과,2025-11-16,9:00,
24072307040,경희대,자연,한의예과(자연),2025-11-15,15:00,
24072307041,경희대,자연,화학공학과,2025-11-16,9:00,
24072307042,경희대,자연,화학과,2025-11-16,9:00,
24072307043,경희대,자연,환경학및환경공학과,2025-11-16,9:00,
24072308077,고려대,인문,경영대학,2025-11-16,8:30,
24072308078,고려대,인문,경제학과,2025-11-16,12:30,
24072308079,고려대,인문,교육학과,2025-11-16,12:30,
24072308080,고려대,인문,국어교육과,2025-11-16,12:30,
24072308081,고려대,인문,국어국문학과,2025-11-16,8:30,
24072308082,고려대,인문,국제학부,2025-11-16,8:30,
24072308083,고려대,인문,노어노문학과,2025-11-16,8:30,
24072308084,고려대,인문,독어독문학과,2025-11-16,8:30,
24072308085,고려대,인문,미디어학부,2025-11-16,12:30,
24072308086,고려대,인문,보건정책관리학부,2025-11-16,12:30,
24072308087,고려대,인문,불어불문학과,2025-11-16,8:30,
24072308088,고려대,인문,사학과,2025-11-16,8:30,
24072308089,고려대,인문,사회학과,2025-11-16,8:30,
24072308090,고려대,인문,서어서문학과,2025-11-16,8:30,
24072308091,고려대,인문,식품자원경제학과,2025-11-16,8:30,
24072308092,고려대,인문,심리학부,2025-11-16,12:30,
24072308093,고려대,인문,언어학과,2025-11-16,8:30,
24072308094,고려대,인문,역사교육과,2025-11-16,12:30,
24072308095,고려대,인문,영어교육과,2025-11-16,12:30,
24072308096,고려대,인문,영어영문학과,2025-11-16,8:30,
24072308097,고려대,인문,일어일문학과,2025-11-16,8:30,
24072308098,고려대,인문,자유전공학부,2025-11-16,12:30,
24072308099,고려대,인문,정치외교학과,2025-11-16,12:30,
24072308100,고려대,인문,중어중문학과,2025-11-16,8:30,
24072308101,고려대,인문,지리교육과,2025-11-16,12:30,
24072308102,고려대,인문,철학과,2025-11-16,8:30,
24072308103,고려대,인문,통계학과,2025-11-16,12:30,
24072308104,고려대,인문,한국사학과,2025-11-16,8:30,
24072308105,고려대,인문,한문학과,2025-11-16,8:30,
24072308106,고려대,인문,행정학과,2025-11-16,12:30,
24072308107,고려대,자연,가정교육과,2025-11-15,12:30,
24072308108,고려대,자연,간호대학,2025-11-15,12:30,
24072308109,고려대,자연,건축사회환경공학부,2025-11-15,12:30,
24072308110,고려대,자연,건축학과,2025-11-15,12:30,
24072308111,고려대,자연,기계공학부,2025-11-15,12:30,
24072308112,고려대,자연,데이터과학과,2025-11-15,8:30,
24072308113,고려대,자연,물리학과,2025-11-15,8:30,
24072308114,고려대,자연,바이오시스템의과학부,2025-11-15,8:30,
24072308115,고려대,자연,바이오의공학부,2025-11-15,8:30,
24072308116,고려대,자연,보건환경융합과학부,2025-11-15,8:30,
24072308117,고려대,자연,산업경영공학부,2025-11-15,12:30,
24072308118,고려대,자연,생명공학부,2025-11-15,8:30,
24072308119,고려대,자연,생명과학부,2025-11-15,8:30,
24072308120,고려대,자연,수학과,2025-11-15,8:30,
24072308121,고려대,자연,수학교육과,2025-11-15,12:30,
24072308122,고려대,자연,스마트보안학부,2025-11-15,8:30,
24072308123,고려대,자연,식품공학과,2025-11-15,8:30,
24072308124,고려대,자연,신소재공학부,2025-11-15,12:30,
24072308125,고려대,자연,융합에너지공학과,2025-11-15,12:30,
24072308126,고려대,자연,인공지능학과,2025-11-15,8:30,
24072308127,고려대,자연,전기전자공학부,2025-11-15,12:30,
24072308128,고려대,자연,지구환경과학과,2025-11-15,8:30,
24072308129,고려대,자연,컴퓨터학과,2025-11-15,8:30,
24072308130,고려대,자연,화공생명공학과,2025-11-15,12:30,
24072308131,고려대,자연,화학과,2025-11-15,8:30,
24072308132,고려대,자연,환경생태공학부,2025-11-15,8:30,
24072308499,고려대(세종),인문,경제통계학부-경제정책학,2025-11-22,9:40,
24072308500,고려대(세종),인문,공공사회통일외교학부,2025-11-22,9:40,
24072308502,고려대(세종),인문,글로벌학부,2025-11-22,9:40,
24072308506,고려대(세종),인문,문화유산융합학부,2025-11-22,9:40,
24072308507,고려대(세종),인문,문화창의학부,2025-11-22,9:40,
24072308509,고려대(세종),인문,융합경영학부,2025-11-22,9:40,
24072308511,고려대(세종),인문,정부행정학부,2025-11-22,9:40,
24072308512,고려대(세종),인문,표준지식학과,2025-11-22,9:40,
24072308513,고려대(세종),자연,디지털헬스케어공학과,2025-11-22,9:40,
24072308514,고려대(세종),자연,미래모빌리티학과,2025-11-22,9:40,
24072308515,고려대(세종),자연,반도체물리학부,2025-11-22,9:40,
24072308516,고려대(세종),자연,빅데이터사이언스학부,2025-11-22,9:40,
24072308517,고려대(세종),자연,생명정보공학과,2025-11-22,9:40,
24072308518,고려대(세종),자연,스마트도시학부,2025-11-22,9:40,
24072308519,고려대(세종),자연,식품생명공학과,2025-11-22,9:40,
24072308520,고려대(세종),자연,신소재화학과,2025-11-22,9:40,
24072308521,고려대(세종),자연,약학과,2025-11-22,14:30,
24072308522,고려대(세종),자연,응용수리과학부-데이터계산과학,2025-11-22,9:40,
24072308523,고려대(세종),자연,인공지능사이버보안학과,2025-11-22,9:40,
24072308525,고려대(세종),자연,전자기계융합공학과,2025-11-22,9:40,
24072308526,고려대(세종),자연,전자및정보공학과,2025-11-22,9:40,
24072308527,고려대(세종),자연,지능형반도체공학과,2025-11-22,9:40,
24072308528,고려대(세종),자연,첨단융합신약학과,2025-11-22,9:40,
24072308529,고려대(세종),자연,컴퓨터융합소프트웨어학과,2025-11-22,9:40,
24072308530,고려대(세종),자연,환경시스템공학과,2025-11-22,9:40,
24072308531,고려대(세종),자연,약학과,2025-11-22,14:30,
24072309671,광운대,인문,경영학부-경영학전공,2025-11-23,,
24072309672,광운대,인문,경영학부-빅데이터경영전공,2025-11-23,,
24072309673,광운대,인문,국어국문학과,2025-11-23,,
24072309674,광운대,인문,국제통상학부,2025-11-23,,
24072309675,광운대,인문,국제학부,2025-11-23,,
24072309676,광운대,인문,동북아문화산업학부,2025-11-23,,
24072309677,광운대,인문,미디어커뮤니케이션학부,2025-11-23,,
24072309678,광운대,인문,법학부,2025-11-23,,
24072309679,광운대,인문,산업심리학과,2025-11-23,,
24072309680,광운대,인문,영어산업학과,2025-11-23,,
24072309681,광운대,인문,행정학과,2025-11-23,,
24072309682,광운대,자연,건축공학과,2025-11-22,,
24072309683,광운대,자연,건축학과,2025-11-22,,
24072309684,광운대,자연,로봇학부-AI로봇,2025-11-22,,
24072309685,광운대,자연,로봇학부-정보제어지능시스템,2025-11-22,,
24072309686,광운대,자연,반도체시스템공학부,2025-11-22,,
24072309687,광운대,자연,소프트웨어학부,2025-11-22,,
24072309688,광운대,자연,수학과,2025-11-22,,
24072309689,광운대,자연,전기공학과,2025-11-22,,
24072309690,광운대,자연,전자공학과,2025-11-22,,
24072309691,광운대,자연,전자바이오물리학과,2025-11-22,,
24072309692,광운대,자연,전자융합공학과,2025-11-22,,
24072309693,광운대,자연,전자재료공학과,2025-11-22,,
24072309694,광운대,자연,전자통신공학과,2025-11-22,,
24072309695,광운대,자연,정보융합학부,2025-11-22,,
24072309696,광운대,자연,컴퓨터정보공학부,2025-11-22,,
24072309697,광운대,자연,화학공학과,2025-11-22,,
24072309698,광운대,자연,화학과,2025-11-22,,
24072309699,광운대,자연,환경공학과,2025-11-22,,
24072311749,단국대,인문,경영학부,2025-10-18,,
24072311750,단국대,인문,경제학과,2025-10-18,,
24072311751,단국대,인문,국어국문학과,2025-10-18,,
24072311752,단국대,인문,도시계획부동산학부,2025-10-18,,
24072311753,단국대,인문,무역학과,2025-10-18,,
24072311754,단국대,인문,미디어커뮤니케이션학부,2025-10-18,,
24072311755,단국대,인문,법학과,2025-10-18,,
24072311756,단국대,인문,사학과,2025-10-18,,
24072311757,단국대,인문,상담학과,2025-10-18,,
24072311758,단국대,인문,영미인문학과,2025-10-18,,
24072311759,단국대,인문,정치외교학과,2025-10-18,,
24072311760,단국대,인문,철학과,2025-10-18,,
24072311761,단국대,인문,특수교육과,2025-10-18,,
24072311762,단국대,인문,한문교육과,2025-10-18,,
24072311763,단국대,인문,행정학과,2025-10-18,,
24072311764,단국대,자연,건축학부-건축공학,2025-10-19,,
24072311765,단국대,자연,건축학부-건축학,2025-10-19,,
24072311766,단국대,자연,고분자시스템공학부-고분자공학,2025-10-19,,
24072311767,단국대,자연,고분자시스템공학부-파이버융합소재공학,2025-10-19,,
24072311768,단국대,자연,공학계열광역,2025-10-19,,
24072311769,단국대,자연,과학교육과,2025-10-19,,
24072311770,단국대,자연,기계공학과,2025-10-19,,
24072311771,단국대,자연,모바일시스템공학과,2025-10-19,,
24072311772,단국대,자연,사이버보안학과,2025-10-19,,
24072311773,단국대,자연,소프트웨어학과,2025-10-19,,
24072311774,단국대,자연,수학교육과,2025-10-19,,
24072311775,단국대,자연,융합반도체공학과,2025-10-19,,
24072311776,단국대,자연,전자전기공학과,2025-10-19,,
24072311777,단국대,자연,컴퓨터공학과,2025-10-19,,
24072311778,단국대,자연,토목환경공학과,2025-10-19,,
24072311779,단국대,자연,통계데이터사이언스학과,2025-10-19,,
24072311780,단국대,자연,화학공학과,2025-10-19,,
24072314398,덕성여대,인문,글로벌융합대학(유아교육과제외),2025-11-23,,
24072314399,덕성여대,인문,유아교육과,2025-11-23,,
24072314400,덕성여대,자연,과학기술대학,2025-11-23,,
24072314454,동국대,인문,경영정보학과,2025-11-16,13:00,
24072314455,동국대,인문,경영학과,2025-11-16,13:00,
24072314457,동국대,인문,경찰행정학부(인문),2025-11-16,16:30,
24072314458,동국대,인문,광고홍보학과,2025-11-16,13:00,
24072314459,동국대,인문,교육학과,2025-11-16,16:30,
24072314460,동국대,인문,국어국문문예창작학부,2025-11-16,16:30,
24072314461,동국대,인문,국제통상학과,2025-11-16,13:00,
24072314462,동국대,인문,법학과,2025-11-16,16:30,
24072314463,동국대,인문,사학과,2025-11-16,16:30,
24072314464,동국대,인문,사회언론정보학부-미디어커뮤니케이션학,2025-11-16,13:00,
24072314465,동국대,인문,영어영문학부,2025-11-16,16:30,
24072314466,동국대,인문,일본학과,2025-11-16,16:30,
24072314467,동국대,인문,정치행정학부-정치외교학,2025-11-16,13:00,
24072314468,동국대,인문,정치행정학부-행정학,2025-11-16,13:00,
24072314469,동국대,인문,중어중문학과,2025-11-16,16:30,
24072314470,동국대,인문,철학과,2025-11-16,16:30,
24072314471,동국대,인문,컴퓨터AI학부(인문),2025-11-16,16:30,
24072314472,동국대,인문,회계학과,2025-11-16,13:00,
24072314473,동국대,자연,건설환경공학과,2025-11-16,9:30,
24072314474,동국대,자연,건축공학부,2025-11-16,9:30,
24072314475,동국대,자연,경찰행정학부(자연),2025-11-16,9:30,
24072314476,동국대,자연,기계로봇에너지공학과,2025-11-16,9:30,
24072314478,동국대,자연,물리학과,2025-11-16,9:30,
24072314479,동국대,자연,바이오환경과학과,2025-11-16,9:30,
24072314480,동국대,자연,산업시스템공학과,2025-11-16,9:30,
24072314481,동국대,자연,생명과학과,2025-11-16,9:30,
24072314482,동국대,자연,수학과,2025-11-16,9:30,
24072314483,동국대,자연,수학교육과,2025-11-16,9:30,
24072314484,동국대,자연,시스템반도체학부,2025-11-16,9:30,
24072314485,동국대,자연,식품생명공학과,2025-11-16,9:30,
24072314486,동국대,자연,약학과,2025-11-16,9:30,
24072314487,동국대,자연,에너지신소재공학과,2025-11-16,9:30,
24072314488,동국대,자연,의생명공학과,2025-11-16,9:30,
24072314489,동국대,자연,전자전기공학부,2025-11-16,9:30,
24072314490,동국대,자연,정보통신공학과,2025-11-16,9:30,
24072314491,동국대,자연,컴퓨터AI학부(자연),2025-11-16,9:30,
24072314493,동국대,자연,통계학과,2025-11-16,9:30,
24072314494,동국대,자연,화공생물공학과,2025-11-16,9:30,
24072314495,동국대,자연,화학과,2025-11-16,9:30,
24072315086,동덕여대,인문,경영융합학부,2025-11-22,14:00,
24072315087,동덕여대,인문,글로벌MICE융합전공,2025-11-22,14:00,
24072315088,동덕여대,인문,글로벌지역학부-영어,2025-11-22,9:30,
24072315089,동덕여대,인문,글로벌지역학부-유러피언스터디즈,2025-11-22,9:30,
24072315090,동덕여대,인문,글로벌지역학부-일어일본학,2025-11-22,9:30,
24072315091,동덕여대,인문,글로벌지역학부-중어중국학,2025-11-22,9:30,
24072315092,동덕여대,인문,문화지식융합학부-문화예술경영,2025-11-22,14:00,
24072315093,동덕여대,인문,문화지식융합학부-커뮤니케이션콘텐츠,2025-11-22,14:00,
24072315094,동덕여대,인문,사회과학부-문헌정보학,2025-11-22,9:30,
24072315095,동덕여대,인문,사회과학부-사회복지학,2025-11-22,9:30,
24072315096,동덕여대,인문,사회과학부-아동학,2025-11-22,9:30,
24072315097,동덕여대,인문,앙트러프러너십전공,2025-11-22,14:00,
24072315098,동덕여대,인문,인문학부-국사학,2025-11-22,9:30,
24072315099,동덕여대,인문,인문학부-국어국문학,2025-11-22,9:30,
24072315100,동덕여대,인문,인문학부-문예창작,2025-11-22,9:30,
24072315101,동덕여대,자연,문화지식융합학부-HCI사이언스,2025-11-23,9:30,
24072315102,동덕여대,자연,문화지식융합학부-데이터사이언스,2025-11-23,9:30,
24072315103,동덕여대,자연,자연과학부-보건관리학,2025-11-23,9:30,
24072315104,동덕여대,자연,자연과학부-식품영양학,2025-11-23,9:30,
24072315105,동덕여대,자연,자연과학부-응용화학,2025-11-23,9:30,
24072315106,동덕여대,자연,자연과학부-화장품학,2025-11-23,9:30,
24072315107,동덕여대,자연,정보학부-정보통계학,2025-11-23,9:30,
24072315108,동덕여대,자연,정보학부-컴퓨터학,2025-11-23,9:30,
24072319608,부산대,인문,경영학과,2025-11-22,15:30,
24072319609,부산대,인문,고고학과,2025-11-22,15:30,
24072319610,부산대,인문,국어교육과,2025-11-22,15:30,
24072319611,부산대,인문,국어국문학과,2025-11-22,15:30,
24072319613,부산대,인문,노어노문학과,2025-11-22,15:30,
24072319614,부산대,인문,독어독문학과,2025-11-22,15:30,
24072319616,부산대,인문,불어불문학과,2025-11-22,15:30,
24072319617,부산대,인문,사학과,2025-11-22,15:30,
24072319621,부산대,인문,언어정보학과,2025-11-22,15:30,
24072319622,부산대,인문,역사교육과,2025-11-22,15:30,
24072319623,부산대,인문,영어교육과,2025-11-22,15:30,
24072319624,부산대,인문,영어영문학과,2025-11-22,15:30,
24072319625,부산대,인문,예술문화영상학과,2025-11-22,15:30,
24072319626,부산대,인문,유아교육과,2025-11-22,15:30,
24072319627,부산대,인문,일반사회교육과,2025-11-22,15:30,
24072319628,부산대,인문,일어일문학과,2025-11-22,15:30,
24072319630,부산대,인문,중어중문학과,2025-11-22,15:30,
24072319631,부산대,인문,지리교육과,2025-11-22,15:30,
24072319632,부산대,인문,철학과,2025-11-22,15:30,
24072319633,부산대,인문,한문학과,2025-11-22,15:30,
24072319634,부산대,자연,간호학과,2025-11-22,9:30,
24072319635,부산대,자연,건축공학과,2025-11-22,9:30,
24072319637,부산대,자연,고분자공학과,2025-11-22,9:30,
24072319638,부산대,자연,기계공학부,2025-11-22,9:30,
24072319639,부산대,자연,나노메카트로닉스공학과,2025-11-22,9:30,
24072319640,부산대,자연,대기환경과학과,2025-11-22,9:30,
24072319645,부산대,자연,사회기반시스템공학과,2025-11-22,9:30,
24072319646,부산대,자연,산업공학과,2025-11-22,9:30,
24072319648,부산대,자연,수학과,2025-11-22,9:30,
24072319649,부산대,자연,수학교육과,2025-11-22,9:30,
24072319651,부산대,자연,재료공학부,2025-11-22,9:30,
24072319652,부산대,자연,전기전자공학부-반도체공학,2025-11-22,9:30,
24072319653,부산대,자연,전기전자공학부-전기공학,2025-11-22,9:30,
24072319654,부산대,자연,전기전자공학부-전자공학,2025-11-22,9:30,
24072319655,부산대,자연,정보컴퓨터공학부-인공지능,2025-11-22,9:30,
24072319656,부산대,자연,정보컴퓨터공학부-컴퓨터공학,2025-11-22,9:30,
24072319657,부산대,자연,조선해양공학과,2025-11-22,9:30,
24072319658,부산대,자연,지구과학교육과,2025-11-22,9:30,
24072319659,부산대,자연,지질환경과학과,2025-11-22,9:30,
24072319660,부산대,자연,첨단융합학부-공학자율전공,2025-11-22,9:30,
24072319661,부산대,자연,첨단융합학부-나노자율전공,2025-11-22,9:30,
24072319662,부산대,자연,첨단융합학부-정보의생명공학자율전공,2025-11-22,9:30,
24072319663,부산대,자연,통계학과,2025-11-22,9:30,
24072319664,부산대,자연,항공우주공학과,2025-11-22,9:30,
24072319665,부산대,자연,해양학과,2025-11-22,9:30,
24072319666,부산대,자연,화공생명공학과,2025-11-22,9:30,
24072319667,부산대,자연,화학과,2025-11-22,9:30,
24072319670,부산대,자연,약학부,2025-11-22,9:30,
24072319671,부산대,자연,의예과,2025-11-22,9:30,
24072319672,부산대,자연,한의학전문대학원학석사통합과정,2025-11-22,9:30,
24072320679,삼육대,인문,경영학과,2025-11-17,,
24072320680,삼육대,인문,글로벌한국학과,2025-11-17,,
24072320681,삼육대,인문,사회복지학과,2025-11-17,,
24072320682,삼육대,인문,상담심리학과,2025-11-17,,
24072320683,삼육대,인문,영어영문학과,2025-11-17,,
24072320684,삼육대,인문,유아교육과,2025-11-17,,
24072320685,삼육대,인문,항공관광외국어학부,2025-11-17,,
24072320686,삼육대,자연,간호학과,2025-11-17,,
24072320688,삼육대,자연,건축학과(5년제),2025-11-17,,
24072320689,삼육대,자연,데이터클라우드공학과,2025-11-17,,
24072320690,삼육대,자연,동물자원과학과,2025-11-17,,
24072320691,삼육대,자연,물리치료학과,2025-11-17,,
24072320692,삼육대,자연,바이오융합공학과,2025-11-17,,
24072320693,삼육대,자연,보건관리학과,2025-11-17,,
24072320694,삼육대,자연,식품영양학과,2025-11-17,,
24072320695,삼육대,자연,인공지능융합학부,2025-11-17,,
24072320696,삼육대,자연,컴퓨터공학부,2025-11-17,,
24072320697,삼육대,자연,화학생명과학과,2025-11-17,,
24072320698,삼육대,자연,환경디자인원예학과,2025-11-17,,
24072320983,상명대,인문,가족복지학과,2025-10-31,,
24072320984,상명대,인문,경영학부,2025-10-31,,
24072320985,상명대,인문,경제금융학부,2025-10-31,,
24072320986,상명대,인문,공간환경학부,2025-10-31,,
24072320987,상명대,인문,교육학과,2025-10-31,,
24072320988,상명대,인문,국어교육과,2025-10-31,,
24072320989,상명대,인문,글로벌경영학과,2025-10-31,,
24072320990,상명대,인문,영어교육과,2025-10-31,,
24072320991,상명대,인문,인문콘텐츠학부-문헌정보학,2025-10-31,,
24072320992,상명대,인문,인문콘텐츠학부-역사콘텐츠,2025-10-31,,
24072320993,상명대,인문,인문콘텐츠학부-지적재산권,2025-10-31,,
24072320994,상명대,인문,인문콘텐츠학부-한일문화콘텐츠,2025-10-31,,
24072320995,상명대,인문,자유전공(경영경제계열),2025-10-31,,
24072320996,상명대,인문,자유전공(인문사회계열),2025-10-31,,
24072320997,상명대,인문,행정학부,2025-10-31,,
24072320998,상명대,자연,SW융합학부-게임,2025-11-1,,
24072320999,상명대,자연,SW융합학부-전기공학,2025-11-1,,
24072321001,상명대,자연,SW융합학부-컴퓨터과학,2025-11-1,,
24072321002,상명대,자연,생명화학공학부-생명공학,2025-11-1,,
24072321003,상명대,자연,생명화학공학부-화공신소재,2025-11-1,,
24072321004,상명대,자연,생명화학공학부-화학에너지공학,2025-11-1,,
24072321005,상명대,자연,수학교육과,2025-11-1,,
24072321006,상명대,자연,외식의류학부-식품영양학,2025-11-1,,
24072321007,상명대,자연,외식의류학부-의류학,2025-11-1,,
24072321008,상명대,자연,자유전공(IT계열),2025-11-1,,
24072321009,상명대,자연,자유전공(이공계열),2025-11-1,,
24072321010,상명대,자연,지능데이터융합학부-핀테크/빅데이터융합/스마트생산,2025-11-1,,
24072321011,상명대,자연,지능데이터융합학부-휴먼지능정보공학,2025-11-1,,
24072321517,서강대,공통,지식융합미디어학부,2025-11-16,15:00,
24072321518,서강대,인문,경영학부,2025-11-16,18:00,
24072321519,서강대,인문,경제학과,2025-11-16,18:00,
24072321520,서강대,인문,사회과학부,2025-11-16,15:00,
24072321521,서강대,인문,영문학부,2025-11-16,15:00,
24072321522,서강대,인문,인문학부,2025-11-16,15:00,
24072321523,서강대,자연,기계공학과,2025-11-15,15:00,
24072321524,서강대,자연,물리학과,2025-11-15,15:00,
24072321525,서강대,자연,수학과,2025-11-15,15:00,
24072321526,서강대,자연,시스템반도체공학과,2025-11-15,18:00,
24072321527,서강대,자연,인공지능학과,2025-11-15,18:00,
24072321528,서강대,자연,전자공학과,2025-11-15,18:00,
24072321529,서강대,자연,컴퓨터공학과,2025-11-15,15:00,
24072321530,서강대,자연,화공생명공학과,2025-11-15,18:00,
24072321612,서경대,공통,미래융합학부1,2025-9-28,,
24072321613,서경대,공통,미래융합학부2,2025-9-28,,
24072321614,서경대,공통,자유전공학부,2025-9-28,,
24072321809,서울과학기술대,자연,MSDE학과,2025-11-17,,
24072321810,서울과학기술대,자연,ST자유전공학부,2025-11-17,,
24072321811,서울과학기술대,자연,건설시스템공학과,2025-11-17,,
24072321812,서울과학기술대,자연,건축학부-건축공학,2025-11-17,,
24072321813,서울과학기술대,자연,건축학부-건축학,2025-11-17,,
24072321814,서울과학기술대,자연,기계시스템디자인공학과,2025-11-17,,
24072321815,서울과학기술대,자연,기계자동차공학과,2025-11-17,,
24072321816,서울과학기술대,자연,산업공학과-ITM,2025-11-17,,
24072321817,서울과학기술대,자연,산업공학과-산업정보시스템,2025-11-17,,
24072321818,서울과학기술대,자연,스마트ICT융합공학과,2025-11-17,,
24072321819,서울과학기술대,자연,식품생명공학과,2025-11-17,,
24072321820,서울과학기술대,자연,신소재공학과,2025-11-17,,
24072321821,서울과학기술대,자연,안경광학과,2025-11-17,,
24072321822,서울과학기술대,자연,안전공학과,2025-11-17,,
24072321823,서울과학기술대,자연,전기정보공학과,2025-11-17,,
24072321824,서울과학기술대,자연,전자공학과,2025-11-17,,
24072321825,서울과학기술대,자연,정밀화학과,2025-11-17,,
24072321826,서울과학기술대,자연,컴퓨터공학과,2025-11-17,,
24072321827,서울과학기술대,자연,화공생명공학과,2025-11-17,,
24072321828,서울과학기술대,자연,환경공학과,2025-11-17,,
24072322713,서울시립대,자연,건축학부-건축공학,2025-9-27,,
24072322714,서울시립대,자연,공간정보공학과,2025-9-27,,
24072322715,서울시립대,자연,교통공학과,2025-9-27,,
24072322716,서울시립대,자연,기계정보공학과,2025-9-27,,
24072322717,서울시립대,자연,물리학과,2025-9-27,,
24072322718,서울시립대,자연,생명과학과,2025-9-27,,
24072322719,서울시립대,자연,수학과,2025-9-27,,
24072322720,서울시립대,자연,신소재공학과,2025-9-27,,
24072322721,서울시립대,자연,전자전기컴퓨터공학부,2025-9-27,,
24072322722,서울시립대,자연,컴퓨터과학부,2025-9-27,,
24072322723,서울시립대,자연,토목공학과,2025-9-27,,
24072322724,서울시립대,자연,환경공학부,2025-9-27,,
24072323141,서울여대,공통,자율전공학부,2025-11-15,,
24072323142,서울여대,인문,경영학과,2025-11-15,,
24072323143,서울여대,인문,경제학과,2025-11-15,,
24072323144,서울여대,인문,국어국문학과,2025-11-15,,
24072323145,서울여대,인문,글로벌ICT인문융합학부-독일문화콘텐츠,2025-11-15,,
24072323147,서울여대,인문,글로벌ICT인문융합학부-프랑스문화콘텐츠,2025-11-15,,
24072323148,서울여대,인문,문헌정보학과,2025-11-15,,
24072323149,서울여대,인문,사학과,2025-11-15,,
24072323150,서울여대,인문,사회복지학과,2025-11-15,,
24072323151,서울여대,인문,심리인지과학학부,2025-11-15,,
24072323152,서울여대,인문,아동학과,2025-11-15,,
24072323153,서울여대,인문,언론영상학부,2025-11-15,,
24072323154,서울여대,인문,영어영문학과,2025-11-15,,
24072323155,서울여대,인문,일어일문학과,2025-11-15,,
24072323156,서울여대,인문,중어중문학과,2025-11-15,,
24072323157,서울여대,인문,패션산업학과,2025-11-15,,
24072323158,서울여대,인문,행정학과,2025-11-15,,
24072323159,서울여대,자연,바이오헬스융합학과,2025-11-15,,
24072323160,서울여대,자연,생명환경공학과,2025-11-15,,
24072323161,서울여대,자연,식품공학과,2025-11-15,,
24072323162,서울여대,자연,식품영양학과,2025-11-15,,
24072323163,서울여대,자연,원예생명조경학과,2025-11-15,,
24072323165,서울여대,자연,화학과,2025-11-15,,
24072323991,성균관대,인문,경영학,2025-11-15,13:00,
24072323992,성균관대,인문,글로벌경영학,2025-11-15,13:00,
24072323993,성균관대,인문,글로벌경제학,2025-11-15,8:30,
24072323994,성균관대,인문,글로벌리더학,2025-11-15,8:30,
24072323995,성균관대,인문,사회과학계열,2025-11-15,8:30,
24072323996,성균관대,인문,인문과학계열,2025-11-15,13:00,
24072323997,성균관대,자연,건설환경공학부,2025-11-15,8:30,
24072323999,성균관대,자연,공학계열,2025-11-15,8:30,
24072324000,성균관대,자연,글로벌바이오메디컬공학,2025-11-15,,
24072324001,성균관대,자연,글로벌융합학부,2025-11-15,13:00,
24072324002,성균관대,자연,반도체시스템공학,2025-11-15,,
24072324003,성균관대,자연,반도체융합공학,2025-11-15,,
24072324004,성균관대,자연,소프트웨어학,2025-11-15,13:00,
24072324005,성균관대,자연,약학,2025-11-15,,
24072324006,성균관대,자연,에너지학,2025-11-15,,
24072324007,성균관대,자연,의예,2025-11-15,,
24072324008,성균관대,자연,자연과학계열,2025-11-15,13:00,
24072324009,성균관대,자연,자유전공계열,2025-11-15,8:30,
24072324010,성균관대,자연,전자전기공학부,2025-11-15,8:30,
24072324011,성균관대,자연,지능형소프트웨어학,2025-11-15,,
24072324189,성신여대,인문,간호학과(인문),2025-9-28,,
24072324190,성신여대,인문,경영학부,2025-9-28,,
24072324191,성신여대,인문,경제학과,2025-9-28,,
24072324192,성신여대,인문,국어국문학과,2025-9-28,,
24072324193,성신여대,인문,독일어문문화학과,2025-9-28,,
24072324194,성신여대,인문,문화예술경영학과,2025-9-28,,
24072324195,성신여대,인문,미디어커뮤니케이션학과,2025-9-28,,
24072324196,성신여대,인문,법학부,2025-9-28,,
24072324197,성신여대,인문,사학과,2025-9-28,,
24072324198,성신여대,인문,사회복지학과,2025-9-28,,
24072324199,성신여대,인문,소비자산업학과,2025-9-28,,
24072324200,성신여대,인문,심리학과,2025-9-28,,
24072324201,성신여대,인문,영어영문학과,2025-9-28,,
24072324202,성신여대,인문,의류산업학과,2025-9-28,,
24072324203,성신여대,인문,일본어문문화학과,2025-9-28,,
24072324204,성신여대,인문,정치외교학과,2025-9-28,,
24072324205,성신여대,인문,중국어문문화학과,2025-9-28,,
24072324206,성신여대,인문,지리학과,2025-9-28,,
24072324207,성신여대,인문,프랑스어문문화학과,2025-9-28,,
24072324208,성신여대,자연,AI융합학부,2025-9-27,,
24072324209,성신여대,자연,간호학과(자연),2025-9-27,,
24072324210,성신여대,자연,바이오생명공학과,2025-9-27,,
24072324211,성신여대,자연,바이오식품공학과,2025-9-27,,
24072324212,성신여대,자연,바이오신약의과학부,2025-9-27,,
24072324213,성신여대,자연,바이오헬스융합학부,2025-9-27,,
24072324214,성신여대,자연,서비스디자인공학과,2025-9-27,,
24072324215,성신여대,자연,수리통계데이터사이언스학부-수학/핀테크,2025-9-27,,
24072324216,성신여대,자연,수리통계데이터사이언스학부-통계학/빅데이터사이언스,2025-9-27,,
24072324217,성신여대,자연,융합보안공학과,2025-9-27,,
24072324218,성신여대,자연,청정융합에너지공학과,2025-9-27,,
24072324219,성신여대,자연,컴퓨터공학과,2025-9-27,,
24072324220,성신여대,자연,화학에너지융합학부,2025-9-27,,
24072324675,세종대,인문,경영학부,2025-11-22,9:00,
24072324676,세종대,인문,경제학과,2025-11-22,9:00,
24072324677,세종대,인문,교육학과,2025-11-22,9:00,
24072324678,세종대,인문,국어국문학과,2025-11-22,9:00,
24072324679,세종대,인문,국제학부,2025-11-22,9:00,
24072324680,세종대,인문,자유전공학부,2025-11-22,14:00,
24072324681,세종대,인문,미디어커뮤니케이션학과,2025-11-22,9:00,
24072324682,세종대,인문,법학과,2025-11-22,9:00,
24072324683,세종대,인문,역사학과,2025-11-22,9:00,
24072324684,세종대,인문,행정학과,2025-11-22,9:00,
24072324685,세종대,인문,호텔관광외식경영학부,2025-11-22,9:00,
24072324686,세종대,자연,AI로봇학과,2025-11-23,9:00,
24072324687,세종대,자연,AI융합전자공학과,2025-11-23,9:00,
24072324688,세종대,자연,건설환경공학과,2025-11-23,14:00,
24072324689,세종대,자연,건축공학과,2025-11-23,14:00,
24072324690,세종대,자연,건축학과,2025-11-23,14:00,
24072324691,세종대,자연,기계공학과,2025-11-23,14:00,
24072324693,세종대,자연,나노신소재공학과,2025-11-23,14:00,
24072324694,세종대,자연,물리천문학과,2025-11-23,14:00,
24072324695,세종대,자연,반도체시스템공학과,2025-11-23,9:00,
24072324696,세종대,자연,생명시스템학부,2025-11-23,14:00,
24072324697,세종대,자연,수학통계학과,2025-11-23,14:00,
24072324698,세종대,자연,스마트생명산업융합학과,2025-11-23,14:00,
24072324699,세종대,자연,양자원자력공학과,2025-11-23,14:00,
24072324700,세종대,자연,우주항공시스템공학부-우주항공공학,2025-11-23,14:00,
24072324701,세종대,자연,우주항공시스템공학부-지능형드론융합,2025-11-23,14:00,
24072324702,세종대,자연,인공지능데이터사이언스학과,2025-11-23,9:00,
24072324703,세종대,자연,정보보호학과,2025-11-23,9:00,
24072324704,세종대,자연,지구자원시스템공학과,2025-11-23,14:00,
24072324706,세종대,자연,지능정보융합학과,2025-11-23,9:00,
24072324707,세종대,자연,컴퓨터공학과,2025-11-23,9:00,
24072324708,세종대,자연,콘텐츠소프트웨어학과,2025-11-23,9:00,
24072324709,세종대,자연,화학과,2025-11-23,14:00,
24072324710,세종대,자연,환경융합공학과,2025-11-23,14:00,
24072325137,수원대,인문,경영학부,2025-11-16,,
24072325138,수원대,인문,경제학부,2025-11-16,,
24072325143,수원대,인문,인문사회융합대학,2025-11-16,,
24072325144,수원대,인문,호텔관광학부,2025-11-16,,
24072325145,수원대,자연,간호학과,2025-11-15,,
24072325146,수원대,자연,건설환경에너지공학부,2025-11-15,,
24072325147,수원대,자연,건축도시부동산학부,2025-11-15,,
24072325148,수원대,자연,데이터과학부,2025-11-15,,
24072325149,수원대,자연,바이오화학산업학부,2025-11-15,,
24072325150,수원대,자연,반도체공학과,2025-11-15,,
24072325151,수원대,자연,산업및기계공학부,2025-11-15,,
24072325152,수원대,자연,식품영양학과,2025-11-15,,
24072325153,수원대,자연,아동가족복지학과,2025-11-15,,
24072325154,수원대,자연,의류학과,2025-11-15,,
24072325155,수원대,자연,전기전자공학부,2025-11-15,,
24072325156,수원대,자연,정보통신학부,2025-11-15,,
24072325157,수원대,자연,컴퓨터학부,2025-11-15,,
24072325158,수원대,자연,화학공학신소재공학부,2025-11-15,,
24072325337,숙명여대,인문,가족자원경영학과,2025-11-16,,8:30-9:30 입실
24072325338,숙명여대,인문,경영학부,2025-11-15,,13:30-14:00 입실
24072325340,숙명여대,인문,경제학부,2025-11-15,,13:30-14:00 입실
24072325343,숙명여대,인문,교육학부,2025-11-16,,8:30-9:30 입실
24072325345,숙명여대,인문,독일언어문화학과,2025-11-16,,8:30-9:30 입실
24072325347,숙명여대,인문,문헌정보학과,2025-11-16,,8:30-9:30 입실
24072325349,숙명여대,인문,문화관광외식학부-르꼬르동블루외식경영,2025-11-16,,8:30-9:30 입실
24072325351,숙명여대,인문,문화관광외식학부-문화관광학,2025-11-16,,8:30-9:30 입실
24072325352,숙명여대,인문,미디어학부,2025-11-15,,13:30-14:00 입실
24072325354,숙명여대,인문,법학부,2025-11-15,,13:30-14:00 입실
24072325356,숙명여대,인문,사회심리학과,2025-11-15,,13:30-14:00 입실
24072325358,숙명여대,인문,소비자경제학과,2025-11-15,,13:30-14:00 입실
24072325361,숙명여대,인문,아동복지학부,2025-11-16,,8:30-9:30 입실
24072325363,숙명여대,인문,역사문화학과,2025-11-16,,8:30-9:30 입실
24072325365,숙명여대,인문,영어영문학부-영어영문학,2025-11-16,,8:30-9:30 입실
24072325367,숙명여대,인문,일본학과,2025-11-16,,8:30-9:30 입실
24072325368,숙명여대,인문,정치외교학과,2025-11-15,,13:30-14:00 입실
24072325371,숙명여대,인문,중어중문학부,2025-11-16,,8:30-9:30 입실
24072325373,숙명여대,인문,프랑스언어문화학과,2025-11-16,,8:30-9:30 입실
24072325375,숙명여대,인문,한국어문학부,2025-11-16,,8:30-9:30 입실
24072325376,숙명여대,인문,행정학과,2025-11-15,,13:30-14:00 입실
24072325378,숙명여대,인문,홍보광고학과,2025-11-15,,13:30-14:00 입실
24072325380,숙명여대,자연,기계시스템학부,2025-11-15,,8:30-9:30 입실
24072325381,숙명여대,자연,생명시스템학부,2025-11-15,,8:30-9:30 입실
24072325382,숙명여대,자연,소프트웨어학부-데이터사이언스,2025-11-15,,8:30-9:30 입실
24072325383,숙명여대,자연,소프트웨어학부-컴퓨터과학,2025-11-15,,8:30-9:30 입실
24072325384,숙명여대,자연,수학과,2025-11-15,,8:30-9:30 입실
24072325385,숙명여대,자연,식품영양학과,2025-11-15,,8:30-9:30 입실
24072325386,숙명여대,자연,약학부,2025-11-15,,8:30-9:30 입실
24072325387,숙명여대,자연,의류학과,2025-11-15,,13:30-14:00 입실
24072325389,숙명여대,자연,인공지능공학부,2025-11-15,,8:30-9:30 입실
24072325390,숙명여대,자연,첨단소재전자융합공학부-신소재물리,2025-11-15,,8:30-9:30 입실
24072325391,숙명여대,자연,첨단소재전자융합공학부-지능형전자시스템,2025-11-15,,8:30-9:30 입실
24072325392,숙명여대,자연,통계학과,2025-11-15,,8:30-9:30 입실
24072325393,숙명여대,자연,화공생명공학부,2025-11-15,,8:30-9:30 입실
24072325394,숙명여대,자연,화학과,2025-11-15,,8:30-9:30 입실
24072326395,숭실대,인문,경영학부,2025-11-15,15:00,
24072326396,숭실대,인문,경제학과,2025-11-15,15:00,
24072326397,숭실대,인문,국어국문학과,2025-11-15,15:00,
24072326398,숭실대,인문,국제법무학과,2025-11-15,15:00,
24072326399,숭실대,인문,글로벌통상학과,2025-11-15,15:00,
24072326400,숭실대,인문,금융학부,2025-11-15,15:00,
24072326401,숭실대,인문,독어독문학과,2025-11-15,15:00,
24072326402,숭실대,인문,법학과,2025-11-15,15:00,
24072326403,숭실대,인문,벤처중소기업학과,2025-11-15,15:00,
24072326404,숭실대,인문,불어불문학과,2025-11-15,15:00,
24072326405,숭실대,인문,사학과,2025-11-15,15:00,
24072326406,숭실대,인문,사회복지학부,2025-11-15,15:00,
24072326407,숭실대,인문,언론홍보학과,2025-11-15,15:00,
24072326408,숭실대,인문,영어영문학과,2025-11-15,15:00,
24072326409,숭실대,인문,일어일문학과,2025-11-15,15:00,
24072326410,숭실대,인문,정보사회학과,2025-11-15,15:00,
24072326411,숭실대,인문,정치외교학과,2025-11-15,15:00,
24072326412,숭실대,인문,중어중문학과,2025-11-15,15:00,
24072326413,숭실대,인문,철학과,2025-11-15,15:00,
24072326414,숭실대,인문,평생교육학과,2025-11-15,15:00,
24072326415,숭실대,인문,행정학부,2025-11-15,15:00,
24072326416,숭실대,인문,회계학과,2025-11-15,15:00,
24072326417,숭실대,자연,AI융합학부,2025-11-15,10:00,
24072326418,숭실대,자연,건축학부-건축학건축공학,2025-11-15,10:00,
24072326419,숭실대,자연,글로벌미디어학부,2025-11-15,10:00,
24072326420,숭실대,자연,기계공학부,2025-11-15,10:00,
24072326421,숭실대,자연,물리학과,2025-11-15,10:00,
24072326422,숭실대,자연,산업정보시스템공학과,2025-11-15,10:00,
24072326423,숭실대,자연,소프트웨어학부,2025-11-15,10:00,
24072326424,숭실대,자연,수학과,2025-11-15,10:00,
24072326425,숭실대,자연,신소재공학과,2025-11-15,10:00,
24072326426,숭실대,자연,의생명시스템학부,2025-11-15,10:00,
24072326427,숭실대,자연,전기공학부,2025-11-15,10:00,
24072326428,숭실대,자연,전자정보공학부-IT융합,2025-11-15,10:00,
24072326429,숭실대,자연,전자정보공학부-전자공학,2025-11-15,10:00,
24072326430,숭실대,자연,정보통계보험수리학과,2025-11-15,10:00,
24072326431,숭실대,자연,컴퓨터학부,2025-11-15,10:00,
24072326432,숭실대,자연,화학공학과,2025-11-15,10:00,
24072326433,숭실대,자연,화학과,2025-11-15,10:00,
24072327127,신한대,인문,경영대학(자율전공),2025-11-23,,
24072327130,신한대,인문,사회과학대학(자율전공),2025-11-23,,
24072327131,신한대,자연,간호학과,2025-11-23,,
24072327132,신한대,자연,기계공학과,2025-11-23,,
24072327133,신한대,자연,방사선학과,2025-11-23,,
24072327134,신한대,자연,소프트웨어융합학과,2025-11-23,,
24072327135,신한대,자연,임상병리학과,2025-11-23,,
24072327136,신한대,자연,전자공학과,2025-11-23,,
24072327137,신한대,자연,치위생학과,2025-11-23,,
24072327304,아주대,인문,경영학과,2025-11-30,9:00,
24072327305,아주대,인문,경제정치사회융합학부,2025-11-30,9:00,
24072327306,아주대,인문,국어국문학과,2025-11-30,9:00,
24072327309,아주대,인문,자유전공학부(인문),2025-11-30,9:00,
24072327311,아주대,자연,건축학과,2025-11-29,9:00,
24072327312,아주대,자연,기계공학과,2025-11-29,9:00,
24072327313,아주대,자연,미래모빌리티공학과,2025-11-29,9:00,
24072327314,아주대,자연,소프트웨어학과,2025-11-29,14:00,
24072327315,아주대,자연,수학과,2025-11-29,9:00,
24072327316,아주대,자연,약학과,2025-11-30,14:00,
24072327317,아주대,자연,의학과,2025-11-29,19:00,
24072327318,아주대,자연,자유전공학부(자연),2025-11-29,9:00,
24072327319,아주대,자연,전자공학과,2025-11-29,9:00,
24072327320,아주대,자연,지능형반도체공학과,2025-11-29,9:00,
24072327321,아주대,자연,첨단신소재공학과,2025-11-29,9:00,
24072327323,아주대,자연,화학공학과,2025-11-29,9:00,
24072327791,연세대,인문,경영학과,2025-9-27,14:00,
24072327792,연세대,인문,경제학부,2025-9-27,14:00,
24072327793,연세대,인문,교육학부,2025-9-27,14:00,
24072327794,연세대,인문,국어국문학과,2025-9-27,14:00,
24072327795,연세대,인문,노어노문학과,2025-9-27,14:00,
24072327796,연세대,인문,독어독문학과,2025-9-27,14:00,
24072327797,연세대,인문,문헌정보학과,2025-9-27,14:00,
24072327798,연세대,인문,불어불문학과,2025-9-27,14:00,
24072327799,연세대,인문,사학과,2025-9-27,14:00,
24072327800,연세대,인문,사회학과,2025-9-27,14:00,
24072327801,연세대,인문,심리학과,2025-9-27,14:00,
24072327802,연세대,인문,언론홍보영상학부,2025-9-27,14:00,
24072327803,연세대,인문,영어영문학과,2025-9-27,14:00,
24072327804,연세대,인문,응용통계학과,2025-9-27,14:00,
24072327805,연세대,인문,정치외교학과,2025-9-27,14:00,
24072327806,연세대,인문,중어중문학과,2025-9-27,14:00,
24072327807,연세대,인문,철학과,2025-9-27,14:00,
24072327808,연세대,인문,행정학과,2025-9-27,14:00,
24072327809,연세대,자연,IT융합공학전공,2025-9-27,9:30,
24072327810,연세대,자연,건축공학과,2025-9-27,9:30,
24072327811,연세대,자연,기계공학부,2025-9-27,9:30,
24072327812,연세대,자연,대기과학과,2025-9-27,9:30,
24072327813,연세대,자연,도시공학과,2025-9-27,9:30,
24072327814,연세대,자연,디스플레이융합공학과,2025-9-27,9:30,
24072327815,연세대,자연,물리학과,2025-9-27,9:30,
24072327816,연세대,자연,사회환경시스템공학부,2025-9-27,9:30,
24072327817,연세대,자연,산업공학과,2025-9-27,9:30,
24072327818,연세대,자연,생명공학과,2025-9-27,9:30,
24072327819,연세대,자연,생화학과,2025-9-27,9:30,
24072327820,연세대,자연,수학과,2025-9-27,9:30,
24072327821,연세대,자연,시스템반도체공학과,2025-9-27,9:30,
24072327822,연세대,자연,시스템생물학과,2025-9-27,9:30,
24072327823,연세대,자연,신소재공학부,2025-9-27,9:30,
24072327824,연세대,자연,약학과,2025-9-27,9:30,
24072327826,연세대,자연,전기전자공학부,2025-9-27,9:30,
24072327827,연세대,자연,지구시스템과학과,2025-9-27,9:30,
24072327828,연세대,자연,지능형반도체전공,2025-9-27,9:30,
24072327829,연세대,자연,천문우주학과,2025-9-27,9:30,
24072327830,연세대,자연,첨단컴퓨팅학부,2025-9-27,9:30,
24072327831,연세대,자연,치의예과,2025-9-27,9:30,
24072327833,연세대,자연,화공생명공학부,2025-9-27,9:30,
24072327834,연세대,자연,화학과,2025-9-27,9:30,
24072328164,연세대(미래),공통,자율융합계열,2025-11-21,,
24072328165,연세대(미래),자연,간호학과,2025-11-21,,
24072328166,연세대(미래),공통,자율융합계열,2025-11-21,,
24072328167,연세대(미래),자연,AI반도체학부,2025-11-21,,
24072328168,연세대(미래),자연,AI보건정보관리학과,2025-11-21,,
24072328169,연세대(미래),자연,간호학과,2025-11-21,,
24072328170,연세대(미래),자연,데이터사이언스학부,2025-11-21,,
24072328171,연세대(미래),자연,디지털헬스케어학부,2025-11-21,,
24072328172,연세대(미래),자연,물리치료학과,2025-11-21,,
24072328173,연세대(미래),자연,방사선학과,2025-11-21,,
24072328174,연세대(미래),자연,소프트웨어학부,2025-11-21,,
24072328175,연세대(미래),자연,의예과,2025-11-21,,
24072328176,연세대(미래),자연,임상병리학과,2025-11-21,,
24072328177,연세대(미래),자연,작업치료학과,2025-11-21,,
24072328178,연세대(미래),자연,치위생학과,2025-11-21,,
24072330432,을지대,공통,자유전공학부,2025-10-18,,"2025년 10월 18,19일 중 하루"
24072330433,을지대,공통,자유전공학부,2025-10-19,,
24072330434,을지대,인문,인문사회계열학부,2025-10-18,,
24072330435,을지대,인문,인문사회계열학부,2025-10-19,,
24072330436,을지대,인문,장례지도학과,2025-10-18,,
24072330437,을지대,인문,장례지도학과,2025-10-19,,
24072330438,을지대,인문,중독재활복지학과(의정부),2025-10-18,,
24072330439,을지대,인문,중독재활복지학과(의정부),2025-10-19,,
24072330440,을지대,자연,간호학과(성남),2025-10-18,,
24072330441,을지대,자연,간호학과(성남),2025-10-19,,
24072330442,을지대,자연,간호학과(의정부),2025-10-18,,
24072330443,을지대,자연,간호학과(의정부),2025-10-19,,
24072330444,을지대,자연,물리치료학과,2025-10-18,,
24072330445,을지대,자연,물리치료학과,2025-10-19,,
24072330446,을지대,자연,미용화장품과학과,2025-10-18,,
24072330447,을지대,자연,미용화장품과학과,2025-10-19,,
24072330448,을지대,자연,방사선학과,2025-10-18,,
24072330449,을지대,자연,방사선학과,2025-10-19,,
24072330450,을지대,자연,보건환경안전학과,2025-10-18,,
24072330451,을지대,자연,보건환경안전학과,2025-10-19,,
24072330452,을지대,자연,식품산업외식학과,2025-10-18,,
24072330453,을지대,자연,식품산업외식학과,2025-10-19,,
24072330454,을지대,자연,식품영양학과,2025-10-18,,
24072330455,을지대,자연,식품영양학과,2025-10-19,,
24072330456,을지대,자연,안경광학과,2025-10-18,,
24072330457,을지대,자연,안경광학과,2025-10-19,,
24072330458,을지대,자연,응급구조학과,2025-10-18,,
24072330459,을지대,자연,응급구조학과,2025-10-19,,
24072330460,을지대,자연,의료IT학과,2025-10-18,,
24072330461,을지대,자연,의료IT학과,2025-10-19,,
24072330462,을지대,자연,의료경영학과,2025-10-18,,
24072330463,을지대,자연,의료경영학과,2025-10-19,,
24072330464,을지대,자연,의료공학과,2025-10-18,,
24072330465,을지대,자연,의료공학과,2025-10-19,,
24072330466,을지대,자연,임상병리학과(성남),2025-10-18,,
24072330467,을지대,자연,임상병리학과(성남),2025-10-19,,
24072330468,을지대,자연,임상병리학과(의정부),2025-10-18,,
24072330469,을지대,자연,임상병리학과(의정부),2025-10-19,,
24072330470,을지대,자연,자연계열학부,2025-10-18,,
24072330471,을지대,자연,자연계열학부,2025-10-19,,
24072330472,을지대,자연,첨단학부-빅데이터인공지능,2025-10-18,,
24072330473,을지대,자연,첨단학부-빅데이터인공지능,2025-10-19,,
24072330474,을지대,자연,치위생학과,2025-10-18,,
24072330475,을지대,자연,치위생학과,2025-10-19,,
24072330716,이화여대,인문,스크랜튼학부,2025-11-22,,인문1 8:30 / 인문2 14:00
24072330717,이화여대,자연,스크랜튼학부,2025-11-23,8:30,
24072330718,이화여대,인문,경영학부,2025-11-22,14:00,
24072330719,이화여대,인문,경제학과,2025-11-22,14:00,
24072330720,이화여대,인문,교육공학과,2025-11-22,14:00,
24072330721,이화여대,인문,국어국문학과,2025-11-22,8:30,
24072330722,이화여대,인문,국제사무학과,2025-11-22,14:00,
24072330723,이화여대,인문,기독교학과,2025-11-22,8:30,
24072330724,이화여대,인문,독어독문학과,2025-11-22,8:30,
24072330725,이화여대,인문,문헌정보학과,2025-11-22,14:00,
24072330726,이화여대,인문,불어불문학과,2025-11-22,8:30,
24072330727,이화여대,인문,사학과,2025-11-22,8:30,
24072330728,이화여대,인문,사회복지학과,2025-11-22,14:00,
24072330729,이화여대,인문,사회학과,2025-11-22,14:00,
24072330730,이화여대,인문,소비자학과,2025-11-22,14:00,
24072330731,이화여대,인문,심리학과,2025-11-22,14:00,
24072330732,이화여대,인문,영어영문학부,2025-11-22,8:30,
24072330733,이화여대,인문,의류산업학과,2025-11-22,14:00,
24072330734,이화여대,인문,정치외교학과,2025-11-22,14:00,
24072330735,이화여대,인문,중어중문학과,2025-11-22,8:30,
24072330736,이화여대,인문,철학과,2025-11-22,8:30,
24072330737,이화여대,인문,커뮤니케이션미디어학부,2025-11-22,14:00,
24072330738,이화여대,인문,행정학과,2025-11-22,14:00,
24072330739,이화여대,자연,간호학부(자연),2025-11-23,8:30,
24072330740,이화여대,자연,건축도시시스템공학과,2025-11-23,8:30,
24072330741,이화여대,자연,건축학과,2025-11-23,8:30,
24072330742,이화여대,자연,기후에너지시스템공학과,2025-11-23,8:30,
24072330743,이화여대,자연,물리학과,2025-11-23,8:30,
24072330744,이화여대,자연,사이버보안학과,2025-11-23,8:30,
24072330745,이화여대,자연,생명과학과,2025-11-23,8:30,
24072330746,이화여대,자연,수학과,2025-11-23,8:30,
24072330747,이화여대,자연,식품생명공학과,2025-11-23,8:30,
24072330748,이화여대,자연,식품영양학과,2025-11-23,8:30,
24072330749,이화여대,자연,약학부-약학,2025-11-23,14:00,
24072330750,이화여대,자연,융합보건학과,2025-11-23,8:30,
24072330751,이화여대,자연,융합전자반도체공학부-전자전기공학전공,2025-11-23,8:30,
24072330752,이화여대,자연,융합전자반도체공학부-지능형반도체공학,2025-11-23,8:30,
24072330753,이화여대,자연,융합콘텐츠학과(자연),2025-11-23,8:30,
24072330754,이화여대,자연,인공지능데이터사이언스학부,2025-11-23,8:30,
24072330755,이화여대,자연,컴퓨터공학과,2025-11-23,8:30,
24072330756,이화여대,자연,통계학과,2025-11-23,8:30,
24072330757,이화여대,자연,화공신소재공학과,2025-11-23,8:30,
24072330758,이화여대,자연,화학나노과학과,2025-11-23,8:30,
24072330759,이화여대,자연,환경공학과,2025-11-23,8:30,
24072330760,이화여대,자연,휴먼기계바이오공학과,2025-11-23,8:30,
24072331747,인하대,인문,경영학과,2025-11-29,,
24072331748,인하대,인문,경제학과,2025-11-29,,
24072331749,인하대,인문,국어교육과,2025-11-29,,
24072331750,인하대,인문,국제통상학과,2025-11-29,,
24072331751,인하대,인문,문화콘텐츠문화경영학과,2025-11-29,,
24072331753,인하대,인문,미디어커뮤니케이션학과,2025-11-29,,
24072331754,인하대,인문,사학과,2025-11-29,,
24072331755,인하대,인문,사회교육과,2025-11-29,,
24072331756,인하대,인문,사회복지학과,2025-11-29,,
24072331757,인하대,인문,아태물류학부,2025-11-29,,
24072331758,인하대,인문,영미유럽인문융합학부,2025-11-29,,
24072331759,인하대,인문,일본언어문화학과,2025-11-29,,
24072331760,인하대,인문,정치외교학과,2025-11-29,,
24072331761,인하대,인문,중국학과,2025-11-29,,
24072331762,인하대,인문,철학과,2025-11-29,,
24072331763,인하대,인문,파이낸스경영학과,2025-11-29,,
24072331764,인하대,인문,한국어문학과,2025-11-29,,
24072331766,인하대,인문,행정학과,2025-11-29,,
24072331767,인하대,자연,간호학과,2025-11-30,,
24072331768,인하대,자연,건축학부,2025-11-30,,
24072331769,인하대,자연,고분자공학과,2025-11-30,,
24072331770,인하대,자연,공간정보공학과,2025-11-30,,
24072331771,인하대,자연,기계공학과,2025-11-30,,
24072331772,인하대,자연,데이터사이언스학과,2025-11-30,,
24072331773,인하대,자연,물리학과,2025-11-30,,
24072331774,인하대,자연,반도체시스템공학과,2025-11-30,,
24072331775,인하대,자연,사회인프라공학과,2025-11-30,,
24072331776,인하대,자연,산업경영공학과,2025-11-30,,
24072331777,인하대,자연,생명공학과,2025-11-30,,
24072331778,인하대,자연,생명과학과,2025-11-30,,
24072331779,인하대,자연,수학과,2025-11-30,,
24072331780,인하대,자연,수학교육과,2025-11-30,,
24072331781,인하대,자연,스마트모빌리티공학과,2025-11-30,,
24072331782,인하대,자연,식품영양학과,2025-11-30,,
24072331783,인하대,자연,신소재공학과,2025-11-30,,
24072331784,인하대,자연,에너지자원공학과,2025-11-30,,
24072331785,인하대,자연,의예과,2025-11-30,,
24072331786,인하대,자연,이차전지융합학과,2025-11-30,,
24072331787,인하대,자연,인공지능공학과,2025-11-30,,
24072331788,인하대,자연,전기전자공학부,2025-11-30,,
24072331790,인하대,자연,조선해양공학과,2025-11-30,,
24072331792,인하대,자연,컴퓨터공학과,2025-11-30,,
24072331793,인하대,자연,통계학과,2025-11-30,,
24072331794,인하대,자연,항공우주공학과,2025-11-30,,
24072331795,인하대,자연,해양과학과,2025-11-30,,
24072331796,인하대,자연,화학공학과,2025-11-30,,
24072331797,인하대,자연,화학과,2025-11-30,,
24072331798,인하대,자연,환경공학과,2025-11-30,,
24072331799,중앙대,인문,간호학과(인문),2025-11-23,14:00,
24072335542,중앙대,인문,경영학부-경영학,2025-11-23,10:00,
24072335543,중앙대,인문,경영학부-글로벌금융,2025-11-23,10:00,
24072335544,중앙대,인문,경제학부,2025-11-23,10:00,
24072335545,중앙대,인문,공공인재학부,2025-11-23,14:00,
24072335546,중앙대,인문,광고홍보학과,2025-11-23,10:00,
24072335547,중앙대,인문,교육학과,2025-11-23,14:00,
24072335548,중앙대,인문,국어국문학과,2025-11-23,14:00,
24072335549,중앙대,인문,국제물류학과,2025-11-23,10:00,
24072335550,중앙대,인문,도시계획부동산학과,2025-11-23,14:00,
24072335551,중앙대,인문,문헌정보학과,2025-11-23,14:00,
24072335552,중앙대,인문,미디어커뮤니케이션학부,2025-11-23,14:00,
24072335553,중앙대,인문,사회복지학부,2025-11-23,14:00,
24072335554,중앙대,인문,사회학과,2025-11-23,14:00,
24072335555,중앙대,인문,심리학과,2025-11-23,14:00,
24072335557,중앙대,인문,아시아문화학부-일본어문학,2025-11-23,14:00,
24072335558,중앙대,인문,아시아문화학부-중국어문학,2025-11-23,14:00,
24072335559,중앙대,인문,역사학과,2025-11-23,14:00,
24072335560,중앙대,인문,영어교육과,2025-11-23,14:00,
24072335561,중앙대,인문,영어영문학과,2025-11-23,14:00,
24072335562,중앙대,인문,유럽문화학부-독일어문학,2025-11-23,14:00,
24072335563,중앙대,인문,유럽문화학부-러시아어문학,2025-11-23,14:00,
24072335564,중앙대,인문,유럽문화학부-프랑스어문학,2025-11-23,14:00,
24072335565,중앙대,인문,응용통계학과,2025-11-23,10:00,
24072335567,중앙대,인문,정치국제학과,2025-11-23,14:00,
24072335568,중앙대,인문,철학과,2025-11-23,14:00,
24072335569,중앙대,자연,AI학과,2025-11-22,10:00,
24072335570,중앙대,자연,간호학과(자연),2025-11-22,10:00,
24072335571,중앙대,자연,건축학부,2025-11-22,10:00,
24072335572,중앙대,자연,기계공학부,2025-11-22,10:00,
24072335574,중앙대,자연,물리학과,2025-11-22,10:00,
24072335575,중앙대,자연,사회기반시스템공학부-건설환경플랜트공학,2025-11-22,10:00,
24072335576,중앙대,자연,사회기반시스템공학부-도시시스템공학,2025-11-22,10:00,
24072335577,중앙대,자연,생명과학과,2025-11-22,10:00,
24072335579,중앙대,자연,생명자원공학부-동물생명공학,2025-11-22,10:00,
24072335580,중앙대,자연,생명자원공학부-식물생명공학,2025-11-22,10:00,
24072335581,중앙대,자연,소프트웨어학부,2025-11-22,10:00,
24072335582,중앙대,자연,수학과,2025-11-22,10:00,
24072335583,중앙대,자연,시스템생명공학과,2025-11-22,10:00,
24072335584,중앙대,자연,식품공학부-식품공학,2025-11-22,10:00,
24072335585,중앙대,자연,식품공학부-식품영양,2025-11-22,10:00,
24072335586,중앙대,자연,약학부,2025-11-22,14:00,
24072335587,중앙대,자연,에너지시스템공학부,2025-11-22,10:00,
24072335588,중앙대,자연,예술공학부,2025-11-22,10:00,
24072335589,중앙대,자연,융합공학부,2025-11-22,14:00,
24072335590,중앙대,자연,의학부,2025-11-22,14:00,
24072335591,중앙대,자연,전자전기공학부,2025-11-22,14:00,
24072335592,중앙대,자연,첨단소재공학과,2025-11-22,10:00,
24072335593,중앙대,자연,화학공학과,2025-11-22,10:00,
24072335594,중앙대,자연,화학과,2025-11-22,10:00,
24072335595,한국공학대,공통,자유전공학부,2025-11-23,10:00,
24072339237,한국공학대,인문,경영자율전공,2025-11-23,14:30,
24072339240,한국공학대,인문,경영학부-IT경영,2025-11-23,14:30,
24072339241,한국공학대,인문,경영학부-경영학,2025-11-23,14:30,
24072339242,한국공학대,인문,경영학부-데이터사이언스경영,2025-11-23,14:30,
24072339243,한국공학대,자연,IT반도체융합자율전공,2025-11-23,10:00,
24072339244,한국공학대,자연,SW자율전공,2025-11-23,14:30,
24072339245,한국공학대,자연,게임공학과,2025-11-23,10:00,
24072339246,한국공학대,자연,기계공학과,2025-11-23,10:00,
24072339247,한국공학대,자연,기계설계공학부-기계설계,2025-11-23,14:30,
24072339248,한국공학대,자연,기계설계공학부-지능형모빌리티,2025-11-23,14:30,
24072339249,한국공학대,자연,메카트로닉스공학부-AI로봇,2025-11-23,14:30,
24072339250,한국공학대,자연,메카트로닉스공학부-메카트로닉스,2025-11-23,14:30,
24072339251,한국공학대,자연,반도체공학부-나노반도체공학,2025-11-23,10:00,
24072339252,한국공학대,자연,반도체공학부-반도체시스템,2025-11-23,10:00,
24072339253,한국공학대,자연,생명화학공학과,2025-11-23,14:30,
24072339254,한국공학대,자연,스마트기계융합자율전공,2025-11-23,14:30,
24072339255,한국공학대,자연,디자인공학부,2025-11-23,10:00,
24072339256,한국공학대,자연,신소재공학과,2025-11-23,10:00,
24072339257,한국공학대,자연,에너지전기공학부-미래에너지시스템,2025-11-23,14:30,
24072339258,한국공학대,자연,에너지전기공학부-전력응용시스템,2025-11-23,14:30,
24072339259,한국공학대,자연,전자공학부-임베디드시스템,2025-11-23,10:00,
24072339260,한국공학대,자연,전자공학부-전자공학,2025-11-23,10:00,
24072339261,한국공학대,자연,첨단융합자율전공,2025-11-23,14:30,
24072339262,한국공학대,자연,컴퓨터공학부-소프트웨어,2025-11-23,14:30,
24072339263,한국공학대,자연,컴퓨터공학부-컴퓨터공학,2025-11-23,14:30,
24072339264,한국기술교대,인문,고용서비스정책학과,2025-11-19,11:00,
24072340080,한국기술교대,인문,산업경영학부,2025-11-19,11:00,
24072340081,한국기술교대,자연,기계공학부,2025-11-19,11:00,
24072340082,한국기술교대,자연,디자인건축공학부-건축공학,2025-11-19,11:00,
24072340083,한국기술교대,자연,디자인건축공학부-디자인공학,2025-11-19,11:00,
24072340084,한국기술교대,자연,메카트로닉스공학부,2025-11-19,11:00,
24072340085,한국기술교대,자연,에너지신소재화학공학부-에너지신소재공학,2025-11-19,11:00,
24072340086,한국기술교대,자연,에너지신소재화학공학부-화학생명공학,2025-11-19,11:00,
24072340087,한국기술교대,자연,전기전자통신공학부,2025-11-19,11:00,
24072340088,한국기술교대,자연,컴퓨터공학부,2025-11-19,11:00,
24072340089,한국외대,인문,ELLT학과,2025-11-22,10:00,
24072340195,한국외대,인문,Language&Diplomacy학부,2025-11-22,15:00,
24072340196,한국외대,인문,Language&Trade학부,2025-11-22,15:00,
24072340197,한국외대,인문,SocialScience&AI융합학부,2025-11-22,15:00,
24072340198,한국외대,인문,경영학부,2025-11-23,15:00,
24072340199,한국외대,인문,경제학부,2025-11-22,15:00,
24072340200,한국외대,인문,국제통상학과,2025-11-22,15:00,
24072340201,한국외대,인문,국제학부,2025-11-23,15:00,
24072340202,한국외대,인문,네덜란드어과,2025-11-22,10:00,
24072340203,한국외대,인문,노어과,2025-11-22,10:00,
24072340204,한국외대,인문,독일어과,2025-11-22,10:00,
24072340205,한국외대,인문,말레이인도네시아어과,2025-11-23,10:00,
24072340206,한국외대,인문,몽골어과,2025-11-23,10:00,
24072340207,한국외대,인문,미디어커뮤니케이션학부,2025-11-22,15:00,
24072340208,한국외대,인문,베트남어과,2025-11-23,10:00,
24072340209,한국외대,인문,사회과학대학,2025-11-22,15:00,
24072340210,한국외대,인문,서양어대학,2025-11-22,15:00,
24072340211,한국외대,인문,상경대학,2025-11-22,15:00,
24072340212,한국외대,인문,스칸디나비아어과,2025-11-22,10:00,
24072340213,한국외대,인문,스페인어과,2025-11-22,10:00,
24072340214,한국외대,인문,아랍어과,2025-11-23,10:00,
24072340215,한국외대,인문,영미문학문화학과,2025-11-22,10:00,
24072340216,한국외대,인문,영어교육과,2025-11-23,10:00,
24072340217,한국외대,인문,영어대학,2025-11-22,10:00,
24072340218,한국외대,인문,영어통번역학과,2025-11-22,10:00,
24072340219,한국외대,인문,외국어교육학부-독일어교육,2025-11-23,10:00,
24072340220,한국외대,인문,외국어교육학부-중국어교육,2025-11-23,10:00,
24072340221,한국외대,인문,외국어교육학부-프랑스어교육,2025-11-23,10:00,
24072340222,한국외대,인문,융합일본지역학부,2025-11-23,10:00,
24072340223,한국외대,인문,이탈리아어과,2025-11-22,10:00,
24072340224,한국외대,인문,인도어과,2025-11-23,10:00,
24072340225,한국외대,인문,일본언어문화학부,2025-11-23,10:00,
24072340226,한국외대,인문,일본학대학,2025-11-23,10:00,
24072340227,한국외대,인문,자유전공학부(서울),2025-11-22,15:00,
24072340228,한국외대,인문,정치외교학과,2025-11-22,15:00,
24072340229,한국외대,인문,중국언어문화학부,2025-11-22,10:00,
24072340230,한국외대,인문,중국외교통상학부,2025-11-22,10:00,
24072340231,한국외대,인문,중국학대학,2025-11-22,10:00,
24072340232,한국외대,인문,태국어과,2025-11-23,10:00,
24072340233,한국외대,인문,튀르키예아제르바이잔어과,2025-11-23,10:00,
24072340234,한국외대,인문,특수외국어(유럽지역)계열,2025-11-23,10:00,
24072340235,한국외대,인문,특수외국어(인도아세안지역)계열,2025-11-23,10:00,
24072340236,한국외대,인문,특수외국어(중동지역)계열,2025-11-23,10:00,
24072340237,한국외대,인문,페르시아어이란학과,2025-11-23,10:00,
24072340238,한국외대,인문,포르투갈어과,2025-11-22,10:00,
24072340239,한국외대,인문,프랑스어학부,2025-11-22,10:00,
24072340240,한국외대,인문,한국어교육과,2025-11-23,10:00,
24072340241,한국외대,인문,핵심외국어계열,2025-11-22,10:00,
24072340242,한국외대,인문,행정학과,2025-11-22,15:00,
24072340243,한국외대,자연,Language&AI융합학부,2025-11-23,15:00,
24072340244,한국외대(글로벌),인문,Finance&AI융합학부,2025-11-22,15:00,
24072340245,한국외대(글로벌),인문,Globalbusiness&technology학부,2025-11-22,15:00,
24072340246,한국외대(글로벌),인문,국제금융학과,2025-11-22,15:00,
24072340247,한국외대(글로벌),인문,그리스불가리아학과,2025-11-23,10:00,
24072340248,한국외대(글로벌),인문,글로벌스포츠산업학부,2025-11-23,10:00,
24072340249,한국외대(글로벌),인문,디지털콘텐츠학부,2025-11-23,10:00,
24072340250,한국외대(글로벌),인문,루마니아어과,2025-11-23,10:00,
24072340251,한국외대(글로벌),인문,사학과,2025-11-23,10:00,
24072340252,한국외대(글로벌),인문,세르비아크로아티아어과,2025-11-23,10:00,
24072340253,한국외대(글로벌),인문,아프리카학부,2025-11-23,10:00,
24072340254,한국외대(글로벌),인문,언어인지과학과,2025-11-23,10:00,
24072340255,한국외대(글로벌),인문,우크라이나어과,2025-11-23,10:00,
24072340256,한국외대(글로벌),인문,융합인재학부,2025-11-23,10:00,
24072340257,한국외대(글로벌),인문,자유전공학부(글로벌),2025-11-23,10:00,
24072340258,한국외대(글로벌),인문,중앙아시아학과,2025-11-23,10:00,
24072340259,한국외대(글로벌),인문,철학과,2025-11-23,10:00,
24072340260,한국외대(글로벌),인문,체코슬로바키아어과,2025-11-23,10:00,
24072340261,한국외대(글로벌),인문,투어리즘&웰니스학부,2025-11-23,10:00,
24072340262,한국외대(글로벌),인문,폴란드어과,2025-11-23,10:00,
24072340263,한국외대(글로벌),인문,한국학과,2025-11-23,10:00,
24072340264,한국외대(글로벌),인문,헝가리어과,2025-11-23,10:00,
24072340265,한국외대(글로벌),자연,AI데이터융합학부,2025-11-23,15:00,
24072340266,한국외대(글로벌),자연,기후변화융합학부,2025-11-23,15:00,
24072340267,한국외대(글로벌),자연,바이오메디컬공학부,2025-11-23,15:00,
24072340268,한국외대(글로벌),자연,반도체전자공학부-반도체공학,2025-11-23,15:00,
24072340269,한국외대(글로벌),자연,반도체전자공학부-전자공학,2025-11-23,15:00,
24072340270,한국외대(글로벌),자연,산업경영공학과,2025-11-23,15:00,
24072340271,한국외대(글로벌),자연,생명공학과,2025-11-23,15:00,
24072340272,한국외대(글로벌),자연,수학과,2025-11-23,15:00,
24072340273,한국외대(글로벌),자연,전자물리학과,2025-11-23,15:00,
24072340274,한국외대(글로벌),자연,정보통신공학과,2025-11-23,15:00,
24072340275,한국외대(글로벌),자연,컴퓨터공학부,2025-11-23,15:00,
24072340276,한국외대(글로벌),자연,통계학과,2025-11-23,15:00,
24072340277,한국외대(글로벌),자연,화학과,2025-11-23,15:00,
24072340278,한국외대(글로벌),자연,환경학과,2025-11-23,15:00,
24072340279,한국항공대,인문,자유전공학부(사회적성),2025-11-15,15:00,
24072340855,한국항공대,자연,AI융합대학,2025-11-15,10:00,
24072340857,한국항공대,자연,AI자율주행시스템공학과,2025-11-15,10:00,
24072340858,한국항공대,자연,공과대학,2025-11-15,10:00,
24072340859,한국항공대,자연,스마트드론공학과,2025-11-15,10:00,
24072340861,한국항공대,자연,자유전공학부(공학적성),2025-11-15,10:00,
24072340863,한국항공대,자연,자유전공학부(이학적성),2025-11-15,15:00,
24072340864,한국항공대,자연,항공경영대학(사회적성),2025-11-15,15:00,
24072340866,한국항공대,자연,항공경영대학(이학적성),2025-11-15,15:00,
24072340867,한국항공대,자연,항공운항학과,2025-11-15,15:00,
24072340871,한신대,인문,IT경영학,2025-11-30,10:00,
24072342628,한신대,인문,경영학,2025-11-30,10:00,
24072342629,한신대,인문,경제금융학,2025-11-30,10:00,
24072342630,한신대,인문,공공인재빅데이터융합학,2025-11-30,10:00,
24072342631,한신대,인문,글로벌비즈니스학,2025-11-30,10:00,
24072342632,한신대,인문,디지털영상문화콘텐츠학,2025-11-30,10:00,
24072342633,한신대,인문,문예창작학,2025-11-30,10:00,
24072342634,한신대,인문,미디어영상광고홍보학,2025-11-30,10:00,
24072342635,한신대,인문,사회복지학,2025-11-30,10:00,
24072342636,한신대,인문,심리아동학,2025-11-30,10:00,
24072342637,한신대,인문,영미문화학,2025-11-30,10:00,
24072342638,한신대,인문,일본학,2025-11-30,10:00,
24072342639,한신대,인문,재활상담학,2025-11-30,10:00,
24072342640,한신대,인문,중국어문화콘텐츠학,2025-11-30,10:00,
24072342641,한신대,인문,한국사학,2025-11-30,10:00,
24072342642,한신대,인문,한국어문학,2025-11-30,10:00,
24072342643,한신대,자연,AI/SW계열,2025-11-30,14:30,
24072342644,한신대,자연,AI시스템반도체학,2025-11-30,14:30,
24072342645,한신대,자연,금융공학,2025-11-30,14:30,
24072342646,한신대,자연,빅데이터융합학,2025-11-30,14:30,
24072342647,한신대,자연,자유전공학부,2025-11-30,10:00,
24072342648,한양대,인문,경영학부,2025-11-22,9:30,
24072342849,한양대,인문,경제금융학부,2025-11-22,9:30,
24072342850,한양대,인문,관광학부,2025-11-22,17:00,
24072342851,한양대,인문,국어국문학과,2025-11-22,13:30,
24072342853,한양대,인문,미디어커뮤니케이션학과,2025-11-22,17:00,
24072342854,한양대,인문,사학과,2025-11-22,13:30,
24072342855,한양대,인문,사회학과,2025-11-22,17:00,
24072342856,한양대,인문,정보시스템학과(상경),2025-11-22,9:30,
24072342857,한양대,인문,정책학과,2025-11-22,9:30,
24072342858,한양대,인문,정치외교학과,2025-11-22,17:00,
24072342859,한양대,인문,연극영화학과,2025-11-22,13:30,
24072342860,한양대,인문,철학과,2025-11-22,13:30,
24072342861,한양대,인문,파이낸스경영학과,2025-11-22,9:30,
24072342862,한양대,인문,한양인터칼리지학부(인문),2025-11-22,9:30,
24072342863,한양대,자연,간호학과,2025-11-23,9:00,
24072342864,한양대,자연,건설환경공학과,2025-11-23,9:00,
24072342865,한양대,자연,건축공학부,2025-11-23,9:00,
24072342866,한양대,자연,건축학부,2025-11-23,9:00,
24072342867,한양대,자연,기계공학부,2025-11-23,13:30,
24072342868,한양대,자연,도시공학과,2025-11-23,9:00,
24072342869,한양대,자연,물리학과,2025-11-23,13:30,
24072342870,한양대,자연,미래자동차공학과,2025-11-23,17:00,
24072342871,한양대,자연,반도체공학과,2025-11-23,17:00,
24072342872,한양대,자연,산업공학과,2025-11-23,13:30,
24072342873,한양대,자연,생명과학과,2025-11-23,13:30,
24072342874,한양대,자연,수학과,2025-11-23,13:30,
24072342875,한양대,자연,수학교육과,2025-11-23,13:30,
24072342876,한양대,자연,식품영양학과,2025-11-23,9:00,
24072342877,한양대,자연,신소재공학부,2025-11-23,13:30,
24072342878,한양대,자연,융합전자공학부,2025-11-23,17:00,
24072342879,한양대,자연,전기생체공학부-전기공학,2025-11-23,13:30,
24072342880,한양대,자연,컴퓨터소프트웨어학부,2025-11-23,17:00,
24072342881,한양대,자연,한양인터칼리지학부(자연),2025-11-23,9:00,
24072342882,한양대,자연,화학공학과,2025-11-23,13:30,
24072342883,한양대,자연,화학과,2025-11-23,13:30,
24072342884,홍익대,인문,경영학부,2025-10-19,,
24072342885,홍익대,인문,경제학부,2025-10-19,,
24072344143,홍익대,인문,교육학과,2025-10-19,,
24072344144,홍익대,인문,국어교육과,2025-10-19,,
24072344145,홍익대,인문,국어국문학과,2025-10-19,,
24072344146,홍익대,인문,독어독문학과,2025-10-19,,
24072344147,홍익대,인문,법학부,2025-10-19,,
24072344148,홍익대,인문,불어불문학과,2025-10-19,,
24072344149,홍익대,인문,서울캠퍼스자율전공(인문예능),2025-10-19,,
24072344150,홍익대,인문,역사교육과,2025-10-19,,
24072344151,홍익대,인문,영어교육과,2025-10-19,,
24072344152,홍익대,인문,영어영문학과,2025-10-19,,
24072344153,홍익대,자연,건설환경공학과,2025-10-18,,
24072344154,홍익대,자연,건축학부-건축학,2025-10-18,,
24072344155,홍익대,자연,건축학부-실내건축학,2025-10-18,,
24072344156,홍익대,자연,기계시스템디자인공학과,2025-10-18,,
24072344157,홍익대,자연,도시공학과,2025-10-18,,
24072344158,홍익대,자연,산업데이터공학과,2025-10-18,,
24072344159,홍익대,자연,서울캠퍼스자율전공(자연예능),2025-10-18,,
24072344160,홍익대,자연,수학교육과,2025-10-18,,
24072344161,홍익대,자연,신소재화공시스템공학부,2025-10-18,,
24072344162,홍익대,자연,전자전기공학부,2025-10-18,,
24072344163,홍익대,자연,컴퓨터공학과,2025-10-18,,
24072344164,홍익대(세종),자연,건축공학부,2025-11-16,,
24072344165,홍익대(세종),자연,게임학부-게임소프트웨어(공학계),2025-11-16,,
24072344328,홍익대(세종),자연,과학기술대학자율전공,2025-11-16,,
24072344329,홍익대(세종),자연,기계정보공학과,2025-11-16,,
24072344330,홍익대(세종),자연,나노신소재학과,2025-11-16,,
24072344331,홍익대(세종),자연,바이오화학공학과,2025-11-16,,
24072344332,홍익대(세종),자연,세종캠퍼스자율전공(자연/예능),2025-11-16,,
24072344333,홍익대(세종),자연,소프트웨어융합학과,2025-11-16,,
24072344334,홍익대(세종),자연,전자전기융합공학과,2025-11-16,,
24072344335,홍익대(세종),자연,조선해양공학과,2025-11-16,,
24072344336,한양대,자연,의예과,2025-11-23,17:00,
24072344337,이화여대,자연,의예,2025-11-23,14:00,